{"0.1 - 1 - linear": {"exec_time": [2.7791855335235596, 2.744384288787842, 2.7833473682403564, 2.750877618789673, 2.7476048469543457], "micro": [0.7656592203241349, 0.7617170389837933, 0.742006132282085, 0.7502191060473269, 0.7397020157756354], "macro": [0.40691061020076696, 0.3633940718774764, 0.33873757918386427, 0.34700345396325527, 0.36431802098911686]}, "0.1 - 1 - rbf": {"exec_time": [37.99474859237671, 38.52518129348755, 38.52589392662048, 38.66421413421631, 38.60460305213928], "micro": [0.26018396846254926, 0.25624178712220763, 0.26763031099430573, 0.24145486415425066, 0.23488168273444346], "macro": [0.005362729033219126, 0.005367760405197094, 0.005947224466355841, 0.005186492528532768, 0.005211118348775483]}, "0.1 - 0.1 - linear": {"exec_time": [2.7336177825927734, 2.74965238571167, 2.713129997253418, 2.79207706451416, 2.7696714401245117], "micro": [0.7656592203241349, 0.750766535260622, 0.7568988173455979, 0.747589833479404, 0.738387379491674], "macro": [0.3536624171760251, 0.34985453007504375, 0.38505539244445397, 0.4003816766333628, 0.34237150165027697]}, "0.1 - 0.1 - rbf": {"exec_time": [13.473691701889038, 13.623440980911255, 13.35165286064148, 13.249103784561157, 13.536697149276733], "micro": [0.6268068331143233, 0.633377135348226, 0.6145422689443715, 0.6117440841367222, 0.6235758106923751], "macro": [0.07728818699209428, 0.08801803555256058, 0.07488362408964942, 0.07880439245827234, 0.08752676505511627]}, "0.1 - 0.01 - linear": {"exec_time": [2.7700300216674805, 2.7244656085968018, 2.7376327514648438, 2.75825572013855, 2.7149658203125], "micro": [0.7538326763031099, 0.7406920718353044, 0.7494524748138415, 0.754601226993865, 0.7471516213847502], "macro": [0.3872389251068302, 0.36882175495605524, 0.3648033028024004, 0.363639312840145, 0.3413364361445811]}, "0.1 - 0.01 - rbf": {"exec_time": [6.054380178451538, 6.102935552597046, 6.085938453674316, 6.048514127731323, 6.009113311767578], "micro": [0.6618484450284713, 0.6784932106876916, 0.6793692509855453, 0.6739702015775635, 0.6656441717791411], "macro": [0.08018466883391376, 0.09046669976277683, 0.09474547541113917, 0.09216992582290921, 0.08160272717111926]}, "0.1 - 0.001 - linear": {"exec_time": [2.741903781890869, 2.733644723892212, 2.7634809017181396, 2.770692825317383, 2.7542693614959717], "micro": [0.7472623740692071, 0.742006132282085, 0.7455102934734997, 0.7681858019281332, 0.7484662576687117], "macro": [0.3370349839858178, 0.32453701963764325, 0.37232957719926213, 0.3740102140441188, 0.3691723200240617]}, "0.1 - 0.001 - rbf": {"exec_time": [7.464777708053589, 7.452359437942505, 7.417846918106079, 7.412430286407471, 7.398375034332275], "micro": [0.5238720981165134, 0.5142356548401227, 0.5019710906701709, 0.5105170902716915, 0.5192813321647678], "macro": [0.029099419415443525, 0.027779502638720827, 0.025615957614045233, 0.025821166261430422, 0.02646079954873286]}, "1 - 1 - linear": {"exec_time": [2.8795559406280518, 2.9500555992126465, 2.878343343734741, 2.895071268081665, 2.9038784503936768], "micro": [0.7104686815593518, 0.7174770039421814, 0.7209811651335961, 0.7002629272567923, 0.7024539877300614], "macro": [0.3546116804867641, 0.34058631691167257, 0.3890299465175149, 0.3355642184080782, 0.3199129698665166]}, "1 - 1 - rbf": {"exec_time": [50.15009546279907, 50.6630437374115, 50.64325189590454, 51.26443910598755, 50.733824729919434], "micro": [0.29916776171703896, 0.2864651773981603, 0.29916776171703896, 0.28264680105170903, 0.28439964943032425], "macro": [0.02913869746280242, 0.03494194332695481, 0.036045759896888845, 0.02691769162514659, 0.02300831104515753]}, "1 - 0.1 - linear": {"exec_time": [2.9600131511688232, 2.9522864818573, 2.8954436779022217, 2.9331371784210205, 2.81343412399292], "micro": [0.7297415681121333, 0.6995181778361804, 0.7144108628996934, 0.7042068361086766, 0.7116564417177914], "macro": [0.3355196722426223, 0.3379673379666394, 0.36570058009056555, 0.3621740083736681, 0.34613407774411564]}, "1 - 0.1 - rbf": {"exec_time": [14.59336233139038, 14.884215116500854, 14.735609531402588, 14.730427026748657, 14.708200216293335], "micro": [0.7113447218572054, 0.7065265002190101, 0.7152869031975471, 0.7195442594215601, 0.7344434706397897], "macro": [0.284642558065047, 0.28854285282044695, 0.27792637305843043, 0.26922775505348345, 0.28788965843299913]}, "1 - 0.01 - linear": {"exec_time": [2.932713031768799, 2.915182113647461, 2.938831329345703, 2.9331936836242676, 2.8232243061065674], "micro": [0.7139728427507667, 0.7161629434954008, 0.7209811651335961, 0.7011393514461, 0.7116564417177914], "macro": [0.34191523317961514, 0.3418544444872384, 0.3460430539410561, 0.33337129422950945, 0.3557475924069594]}, "1 - 0.01 - rbf": {"exec_time": [4.219685792922974, 4.2306530475616455, 4.255972385406494, 4.22884464263916, 4.250268936157227], "micro": [0.7485764345159878, 0.7551467367498905, 0.7722295225580377, 0.7651183172655566, 0.7585451358457493], "macro": [0.26190696344823056, 0.2660630850680737, 0.2990182496719518, 0.27476103678624575, 0.2791863909999164]}, "1 - 0.001 - linear": {"exec_time": [2.913466453552246, 2.9322726726531982, 2.8514840602874756, 2.885514736175537, 2.923125743865967], "micro": [0.7135348226018396, 0.6885676741130092, 0.7126587823039859, 0.7265556529360211, 0.7199824715162139], "macro": [0.34263705004029565, 0.3113062422506117, 0.3572492916604463, 0.3399974047015057, 0.32952702706795817]}, "1 - 0.001 - rbf": {"exec_time": [5.608946800231934, 5.5950305461883545, 5.572477340698242, 5.636962652206421, 5.655402183532715], "micro": [0.6837494524748139, 0.6938239159001314, 0.6863775733683749, 0.679666958808063, 0.694127957931639], "macro": [0.11191179088421899, 0.1098391962746647, 0.10857122546783149, 0.10559517371870716, 0.11195827628178491]}, "10 - 1 - linear": {"exec_time": [4.563209772109985, 4.815974235534668, 4.726822853088379, 4.467571496963501, 4.668463230133057], "micro": [0.6911957950065704, 0.6955759964958388, 0.7043363994743759, 0.6971954425942156, 0.7046450482033304], "macro": [0.32600721934099064, 0.3228107908317489, 0.37273226162929524, 0.3219515551911745, 0.3280727378708973]}, "10 - 1 - rbf": {"exec_time": [53.293017625808716, 54.09208369255066, 51.518306732177734, 53.94959855079651, 52.39201021194458], "micro": [0.29303547963206306, 0.30310994305738065, 0.2855891371003066, 0.2900964066608238, 0.31638913234005256], "macro": [0.04288189474852801, 0.060246699768494325, 0.045698594712732236, 0.035695936295024835, 0.06488215958074853]}, "10 - 0.1 - linear": {"exec_time": [4.5220842361450195, 4.805242300033569, 4.534080266952515, 4.356183290481567, 4.580113649368286], "micro": [0.6977660972404731, 0.6929478756022777, 0.6903197547087166, 0.6976336546888694, 0.7024539877300614], "macro": [0.34560165798520365, 0.34317125008950794, 0.31799967897739373, 0.3336923166243667, 0.316629639641753]}, "10 - 0.1 - rbf": {"exec_time": [14.795353412628174, 14.944015502929688, 14.9711332321167, 15.232898712158203, 15.069285154342651], "micro": [0.6955759964958388, 0.7030223390275953, 0.7003942181340341, 0.696319018404908, 0.6945661700262927], "macro": [0.26711784629637014, 0.2909354128643785, 0.27154782293154833, 0.3064484756937717, 0.3007246302297318]}, "10 - 0.01 - linear": {"exec_time": [4.903017044067383, 4.517890214920044, 4.94312596321106, 4.556261301040649, 4.871711254119873], "micro": [0.6946999561979851, 0.7091546211125712, 0.6933858957512046, 0.7072743207712533, 0.6914986853637161], "macro": [0.3534849765004573, 0.3352065122389733, 0.3172076577720951, 0.34280952279316107, 0.31728078573244284]}, "10 - 0.01 - rbf": {"exec_time": [3.9100210666656494, 3.8468592166900635, 3.8567376136779785, 3.813124895095825, 3.856640100479126], "micro": [0.7196671046868156, 0.7380639509417434, 0.7314936487078405, 0.7212971078001753, 0.7331288343558281], "macro": [0.37482199194073434, 0.3348394798276667, 0.37898642345387556, 0.3480566968798732, 0.3444726186777215]},