{"0.1 - 1 - linear": {"exec_time": [81.7293758392334, 81.63470149040222, 80.60926032066345, 81.43595337867737, 82.0029616355896], "micro": [0.6447656592203241, 0.6197985107314936, 0.6311870346035917, 0.6362839614373357, 0.6367221735319895], "macro": [0.11687199676435275, 0.11033179425993074, 0.10362602347994163, 0.1031359560491092, 0.11139049117737217]}, "0.1 - 1 - rbf": {"exec_time": [121.04389905929565, 116.40662908554077, 119.13315415382385, 112.42202186584473, 110.56776571273804], "micro": [0.5720543144984669, 0.5812527376259308, 0.5716162943495401, 0.5635407537248028, 0.5955302366345311], "macro": [0.08062474887385725, 0.07145261266397386, 0.07136035774051985, 0.0714554068422013, 0.07115521141207523]}, "0.1 - 0.1 - linear": {"exec_time": [75.98877263069153, 75.86010789871216, 74.44945287704468, 75.09856820106506, 75.27935338020325], "micro": [0.6530880420499343, 0.6259307928164696, 0.6272448532632501, 0.6257668711656442, 0.6411042944785276], "macro": [0.13003139401132874, 0.11309771366833059, 0.10304198611321623, 0.09901014820038852, 0.11216271479224207]}, "0.1 - 0.1 - rbf": {"exec_time": [90.59095001220703, 90.58794832229614, 90.10231804847717, 91.3686466217041, 91.26033186912537], "micro": [0.44415243101182655, 0.42181340341655715, 0.4507227332457293, 0.450920245398773, 0.4500438212094654], "macro": [0.025106929639882907, 0.025926496594445517, 0.024788049982218657, 0.027574874333827902, 0.026565187451371042]}, "0.1 - 0.01 - linear": {"exec_time": [75.58426189422607, 75.65892934799194, 75.80558681488037, 75.63864660263062, 75.6513500213623], "micro": [0.6202365308804205, 0.6289969338589575, 0.6425755584756899, 0.6340929009640666, 0.6485539000876425], "macro": [0.11017482397718946, 0.11003930918120682, 0.11210652252276643, 0.10520279706350387, 0.11353830302779157]}, "0.1 - 0.01 - rbf": {"exec_time": [78.02947902679443, 79.26802325248718, 78.69607758522034, 77.92285871505737, 78.03391766548157], "micro": [0.25405168637757336, 0.26544021024967146, 0.2553657468243539, 0.22962313759859773, 0.25591586327782645], "macro": [0.00547526219897858, 0.005669220622491651, 0.005215882047703401, 0.004914281427017294, 0.0052926835899620266]}, "0.1 - 0.001 - linear": {"exec_time": [75.55912899971008, 75.03162693977356, 74.85156965255737, 74.6700029373169, 74.95003008842468], "micro": [0.6289969338589575, 0.6259307928164696, 0.648269820411739, 0.6397896581945661, 0.6301489921121823], "macro": [0.11187796634553719, 0.09945355593891864, 0.11457085897619647, 0.1079664827295378, 0.10822908115279976]}, "0.1 - 0.001 - rbf": {"exec_time": [73.81709885597229, 73.50625967979431, 72.23290419578552, 73.6822099685669, 72.44111752510071], "micro": [0.2636881296539641, 0.2575558475689882, 0.2514235654840123, 0.26117440841367223, 0.22655565293602103], "macro": [0.005350397724747811, 0.005611142125076939, 0.005357601213394004, 0.0055223534862172815, 0.004797631807278109]}, "1 - 1 - linear": {"exec_time": [60.55782961845398, 59.74194812774658, 60.104700803756714, 60.11977291107178, 60.346264600753784], "micro": [0.7262374069207185, 0.7455102934734997, 0.7341217696014016, 0.7353198948290973, 0.740578439964943], "macro": [0.32506345958661415, 0.33367917307840955, 0.32750043261984735, 0.3309369100689968, 0.30079804441589336]}, "1 - 1 - rbf": {"exec_time": [105.65154671669006, 106.21204471588135, 101.8587863445282, 108.22937560081482, 104.7447452545166], "micro": [0.7144108628996934, 0.7192290845378886, 0.7354358300481822, 0.7116564417177914, 0.7340052585451358], "macro": [0.31183652970799847, 0.32524194730723505, 0.3086805299443728, 0.31606922804846516, 0.3060684112675588]}, "1 - 0.1 - linear": {"exec_time": [59.59628415107727, 59.43603992462158, 60.26654028892517, 61.47068905830383, 61.42708706855774], "micro": [0.7455102934734997, 0.7349978098992553, 0.735873850197109, 0.724364592462752, 0.7265556529360211], "macro": [0.3180096705119448, 0.31554840475110896, 0.3247029056300047, 0.31945885618407827, 0.3127895602645046]}, "1 - 0.1 - rbf": {"exec_time": [80.55215287208557, 81.21320176124573, 81.97782444953918, 83.09896683692932, 81.32505202293396], "micro": [0.6968900569426194, 0.6802452912833991, 0.7003942181340341, 0.6770376862401403, 0.6980718667835232], "macro": [0.1582046441276736, 0.1599884031158684, 0.18357741272892303, 0.17928247652697774, 0.17338204874238095]}, "1 - 0.01 - linear": {"exec_time": [62.00519108772278, 60.07520794868469, 60.93615102767944, 59.36179232597351, 59.74672746658325], "micro": [0.721419185282523, 0.7293035479632062, 0.742006132282085, 0.7410166520595969, 0.7423312883435583], "macro": [0.31936619846822223, 0.3149888500566594, 0.3375336823272743, 0.3202160091958584, 0.314062264915957]}, "1 - 0.01 - rbf": {"exec_time": [87.71590995788574, 88.89753031730652, 88.78682804107666, 88.02241015434265, 88.85217380523682], "micro": [0.4783180026281209, 0.4520367936925099, 0.46692947875602275, 0.4653812445223488, 0.4618755477651183], "macro": [0.02622789639274256, 0.02310970106084727, 0.023643789355487332, 0.02736117935060874, 0.026850591819556256]}, "1 - 0.001 - linear": {"exec_time": [61.27403140068054, 60.80674409866333, 59.707252502441406, 60.81626558303833, 60.4316930770874], "micro": [0.7411300919842313, 0.7310556285589137, 0.7433201927288654, 0.7300613496932515, 0.7252410166520596], "macro": [0.32667088644468695, 0.334093936709689, 0.3204034370672605, 0.3093752947000749, 0.31909205681989516]}, "1 - 0.001 - rbf": {"exec_time": [78.06804060935974, 78.19960355758667, 78.7985577583313, 78.14261436462402, 76.96279215812683], "micro": [0.25492772667542707, 0.24879544459045116, 0.25624178712220763, 0.2598597721297108, 0.24057843996494302], "macro": [0.005565516746754644, 0.005384549754946107, 0.005439330543933055, 0.0054279176201373, 0.005171317555634051]}, "10 - 1 - linear": {"exec_time": [56.89285159111023, 56.341132164001465, 56.53294539451599, 56.3315327167511, 56.865559101104736], "micro": [0.700832238282961, 0.6942619360490583, 0.6933858957512046, 0.6897458369851008, 0.6989482909728308], "macro": [0.35068878044368706, 0.3150694374047314, 0.32841533745937745, 0.32927600947192215, 0.3573437683233936]}, "10 - 1 - rbf": {"exec_time": [104.62723875045776, 106.29837441444397, 106.75008249282837, 104.598965883255, 103.24200630187988], "micro": [0.6999561979851073, 0.6876916338151555, 0.6925098554533509, 0.6993865030674846, 0.6976336546888694], "macro": [0.3125962291338878, 0.32968157956551847, 0.3653326257270967, 0.3475013790441701, 0.2771407636121074]}, "10 - 0.1 - linear": {"exec_time": [56.71363615989685, 56.41816067695618, 55.984726905822754, 56.74250650405884, 56.65030360221863], "micro": [0.6933858957512046, 0.6881296539640823, 0.7082785808147176, 0.686678352322524, 0.7007011393514461], "macro": [0.32035693649237623, 0.3455080353135901, 0.32469496257762565, 0.3391530777836802, 0.33748212483796125]}, "10 - 0.1 - rbf": {"exec_time": [68.79147577285767, 70.85620379447937, 68.91545391082764, 70.35929679870605, 70.28988099098206], "micro": [0.7078405606657906, 0.715724923346474, 0.7187910643889619, 0.7160385626643295, 0.7248028045574059], "macro": [0.31831178757871265, 0.3493792748628084, 0.27777977234169515, 0.3242306266897025, 0.34978697890239335]}, "10 - 0.01 - linear": {"exec_time": [56.6053524017334, 58.14788508415222, 56.731603145599365, 56.122681856155396, 56.3251428604126], "micro": [0.695137976346912, 0.709592641261498, 0.6942619360490583, 0.6923751095530236, 0.7011393514461], "macro": [0.3479907029755721, 0.38371211957734785, 0.34667095685931326, 0.3046143588726363, 0.32434407072175864]}, "10 - 0.01 - rbf": {"exec_time": [77.88743090629578, 76.73260998725891, 76.98947334289551, 78.62470746040344, 77.9367938041687], "micro": [0.7130968024529128, 0.6863775733683749, 0.6960140166447657, 0.6998247151621385, 0.7020157756354075], "macro": [0.20484067174840231, 0.17096428818428142, 0.16632938836232308, 0.18128410812352092, 0.19061872023793697]},