{"3 - uniform - cosine": {"exec_time": [0.4907214641571045, 0.4152390956878662, 0.39995861053466797, 0.47060441970825195, 0.42276620864868164], "micro": [0.6754270696452037, 0.6916338151554972, 0.6758650897941305, 0.6779141104294478, 0.6985100788781771], "macro": [0.29189186146312535, 0.31730792799013124, 0.2694351853997201, 0.308141810186979, 0.32982603672747374]}, "3 - uniform - euclidean": {"exec_time": [0.3941307067871094, 0.405961275100708, 0.4022204875946045, 0.4529702663421631, 0.44412875175476074], "micro": [0.6850635129215944, 0.6933858957512046, 0.6741130091984231, 0.6888694127957932, 0.6700262927256793], "macro": [0.29329469808426445, 0.3143898104677666, 0.3143739126667716, 0.30052892892886085, 0.26100182623343465]}, "3 - distance - cosine": {"exec_time": [0.36635446548461914, 0.3830435276031494, 0.37656140327453613, 0.36739468574523926, 0.37882089614868164], "micro": [0.6811213315812528, 0.6644765659220324, 0.668856767411301, 0.6709027169149868, 0.6862401402278703], "macro": [0.315735226812834, 0.2828537748690614, 0.2761846856356611, 0.28501118983966095, 0.32738454644376164]}, "3 - distance - euclidean": {"exec_time": [0.42367124557495117, 0.3810713291168213, 0.40944743156433105, 0.4373955726623535, 0.3825490474700928], "micro": [0.6636005256241787, 0.6710468681559352, 0.6815593517301796, 0.6481156879929886, 0.6757230499561788], "macro": [0.2630558933526772, 0.29601735579413935, 0.28060449988887487, 0.29389630014400225, 0.30581859681068413]}, "4 - uniform - cosine": {"exec_time": [0.5746691226959229, 0.5024960041046143, 0.5508847236633301, 0.511260986328125, 0.48360347747802734], "micro": [0.6828734121769602, 0.6999561979851073, 0.6995181778361804, 0.7020157756354075, 0.6928133216476775], "macro": [0.30070035212906127, 0.3443727876066389, 0.29818878481609074, 0.3349326930589529, 0.2931761841749366]}, "4 - uniform - euclidean": {"exec_time": [0.48495006561279297, 0.49297404289245605, 0.5077617168426514, 0.49660396575927734, 0.49024057388305664], "micro": [0.695137976346912, 0.6982041173893999, 0.7069645203679369, 0.6906222611744084, 0.6897458369851008], "macro": [0.26418535508456537, 0.298309840594405, 0.3074417150247399, 0.2936688252147724, 0.294029998356186]}, "4 - distance - cosine": {"exec_time": [0.44400525093078613, 0.42386937141418457, 0.4296588897705078, 0.4435446262359619, 0.4434053897857666], "micro": [0.6727989487516426, 0.6841874726237407, 0.6574682435392029, 0.6884312007011394, 0.6682734443470639], "macro": [0.28409215070853894, 0.2949276191908501, 0.29186559252009664, 0.3016124855832143, 0.2761208123623792]}, "4 - distance - euclidean": {"exec_time": [0.46080565452575684, 0.46190619468688965, 0.45418882369995117, 0.44557881355285645, 0.45026373863220215], "micro": [0.6618484450284713, 0.6837494524748139, 0.6596583442838371, 0.6726555652936022, 0.6673970201577564], "macro": [0.2838842581623706, 0.28795077241260425, 0.27885116257113396, 0.32491535303557445, 0.2700327331589166]}, "5 - uniform - cosine": {"exec_time": [0.5087685585021973, 0.49359631538391113, 0.48177504539489746, 0.49141597747802734, 0.4772942066192627], "micro": [0.724485326325011, 0.6982041173893999, 0.6942619360490583, 0.696319018404908, 0.7042068361086766], "macro": [0.32371187118491584, 0.30821871630651837, 0.2965847368812139, 0.33268102927983595, 0.31803747924913783]}, "5 - uniform - euclidean": {"exec_time": [0.4819812774658203, 0.4781782627105713, 0.4734988212585449, 0.4736166000366211, 0.4771842956542969], "micro": [0.7231712658782306, 0.7017082785808147, 0.6872536136662286, 0.7055214723926381, 0.6998247151621385], "macro": [0.337983789377364, 0.2854812818203434, 0.29279039541874147, 0.33001720770419635, 0.2788198841106941]}, "5 - distance - cosine": {"exec_time": [0.42978382110595703, 0.4394655227661133, 0.43677592277526855, 0.44080400466918945, 0.43906378746032715], "micro": [0.6916338151554972, 0.671484888304862, 0.6798072711344721, 0.7055214723926381, 0.6638913234005258], "macro": [0.34660019128071523, 0.28620820943287045, 0.29304484472261927, 0.29991883423142424, 0.3207405556158969]}, "5 - distance - euclidean": {"exec_time": [0.4448838233947754, 0.4434530735015869, 0.412564754486084, 0.4458487033843994, 0.4412679672241211], "micro": [0.6925098554533509, 0.6675427069645203, 0.6732369689005694, 0.6647677475898335, 0.6757230499561788], "macro": [0.3095128244824836, 0.29220461202174797, 0.28312365790749516, 0.2708227355378922, 0.298568675236116]}, "6 - uniform - cosine": {"exec_time": [0.4777975082397461, 0.46559953689575195, 0.4679861068725586, 0.47015810012817383, 0.46311116218566895], "micro": [0.7271134472185722, 0.7025843188786685, 0.6973280770915462, 0.7112182296231377, 0.7107800175284837], "macro": [0.3307182064468034, 0.2908741634494302, 0.2901060875841475, 0.32906057273316713, 0.3375845865095676]}, "6 - uniform - euclidean": {"exec_time": [0.47673916816711426, 0.475754976272583, 0.4485142230987549, 0.4803953170776367, 0.47397780418395996], "micro": [0.7113447218572054, 0.7139728427507667, 0.7017082785808147, 0.7046450482033304, 0.703330411919369], "macro": [0.32346358994994656, 0.34096012092530753, 0.31129063258283113, 0.3120199479367965, 0.2999537308302055]}, "6 - distance - cosine": {"exec_time": [0.4419286251068115, 0.43926215171813965, 0.44239187240600586, 0.44420313835144043, 0.43370699882507324], "micro": [0.6815593517301796, 0.6850635129215944, 0.6727989487516426, 0.6853637160385626, 0.6752848378615249], "macro": [0.3008999415101075, 0.2945135221887819, 0.2998858962207496, 0.3294712867280517, 0.28867152716146]}, "6 - distance - euclidean": {"exec_time": [0.4487781524658203, 0.4260721206665039, 0.44257092475891113, 0.44385814666748047, 0.4423954486846924], "micro": [0.6819973718791065, 0.6732369689005694, 0.6758650897941305, 0.684487291849255, 0.6858019281332165], "macro": [0.32326068638844685, 0.34491050258847444, 0.28148644791483796, 0.3051130060063403, 0.2910672084983641]}, "7 - uniform - cosine": {"exec_time": [0.47449374198913574, 0.4667820930480957, 0.4632110595703125, 0.4798600673675537, 0.47437191009521484], "micro": [0.7056504599211564, 0.7196671046868156, 0.7187910643889619, 0.7177914110429446, 0.7125328659070991], "macro": [0.3201371932422035, 0.3190688937218491, 0.29347243425088493, 0.302301238993856, 0.34530352281803883]}, "7 - uniform - euclidean": {"exec_time": [0.47429823875427246, 0.48087096214294434, 0.5207288265228271, 0.48329734802246094, 0.47865867614746094], "micro": [0.7030223390275953, 0.709592641261498, 0.7109067017082786, 0.7116564417177914, 0.7138475021910604], "macro": [0.33179446234542304, 0.32250064990917743, 0.2987186693912225, 0.34882171396573974, 0.32767628882778155]}, "7 - distance - cosine": {"exec_time": [0.4408283233642578, 0.4575963020324707, 0.4444313049316406, 0.4495737552642822, 0.4443790912628174], "micro": [0.6811213315812528, 0.6837494524748139, 0.6758650897941305, 0.6722173531989483, 0.6879929886064855], "macro": [0.289442032650957, 0.2836001283970012, 0.3021720076695258, 0.2971371420417831, 0.3090526550246912]}, "7 - distance - euclidean": {"exec_time": [0.45142602920532227, 0.4483013153076172, 0.45810723304748535, 0.4779675006866455, 0.44773149490356445], "micro": [0.6776171703898379, 0.6885676741130092, 0.668418747262374, 0.6687116564417178, 0.6862401402278703], "macro": [0.2789473771096081, 0.3005656362331351, 0.2871865387160589, 0.2870485883033379, 0.29563537170635035]}, "8 - uniform - cosine": {"exec_time": [0.5202221870422363, 0.48503756523132324, 0.4734666347503662, 0.4739065170288086, 0.4813377857208252], "micro": [0.7249233464739377, 0.7082785808147176, 0.7249233464739377, 0.7208588957055214, 0.7256792287467133], "macro": [0.30790777163581057, 0.3539909297044085, 0.33730951527562136, 0.3188500485553087, 0.345493971912805]}, "8 - uniform - euclidean": {"exec_time": [0.4931175708770752, 0.4889562129974365, 0.508173942565918, 0.5199718475341797, 0.48671770095825195], "micro": [0.7104686815593518, 0.7196671046868156, 0.7052124397722295, 0.7182296231375986, 0.7239263803680982],