{"3 - uniform - cosine": {"exec_time": [0.23760056495666504, 0.2352006435394287, 0.23630523681640625, 0.23679280281066895, 0.23724079132080078], "micro": [0.6846254927726675, 0.6767411300919842, 0.6824353920280333, 0.7046450482033304, 0.6910604732690623], "macro": [0.2690648423489539, 0.2893156285662485, 0.2854712097760021, 0.29994412100645546, 0.2901500314848665]}, "3 - uniform - euclidean": {"exec_time": [0.2536892890930176, 0.25373101234436035, 0.2524375915527344, 0.25270533561706543, 0.25372767448425293], "micro": [0.6911957950065704, 0.7104686815593518, 0.6881296539640823, 0.6809815950920245, 0.6875547765118317], "macro": [0.2859114825680624, 0.3333054992887988, 0.28426054935213463, 0.288888941271979, 0.2667287535748711]}, "3 - distance - cosine": {"exec_time": [0.20519018173217773, 0.20540475845336914, 0.20504403114318848, 0.20595860481262207, 0.20599794387817383], "micro": [0.6732369689005694, 0.662724485326325, 0.6723609286027157, 0.6805433829973707, 0.6682734443470639], "macro": [0.29055048956179913, 0.27566399475409, 0.27517158344662945, 0.2972451063946872, 0.3105718512907419]}, "3 - distance - euclidean": {"exec_time": [0.2222585678100586, 0.2225193977355957, 0.22198081016540527, 0.22278785705566406, 0.22216582298278809], "micro": [0.6636005256241787, 0.6732369689005694, 0.6701708278580815, 0.6700262927256793, 0.686678352322524], "macro": [0.2630571496609163, 0.3082323929284027, 0.24907855727338774, 0.29007170074399025, 0.276737031162029]}, "4 - uniform - cosine": {"exec_time": [0.30417513847351074, 0.3082304000854492, 0.3027036190032959, 0.3022301197052002, 0.3030219078063965], "micro": [0.6868155935173018, 0.6968900569426194, 0.692071835304424, 0.7020157756354075, 0.7077125328659071], "macro": [0.3032176299341109, 0.3191956999834641, 0.26944461271867626, 0.2970044854913948, 0.32393620499715936]}, "4 - uniform - euclidean": {"exec_time": [0.34319424629211426, 0.3390772342681885, 0.33861851692199707, 0.3129138946533203, 0.3425447940826416], "micro": [0.6973280770915462, 0.6986421375383267, 0.7091546211125712, 0.6980718667835232, 0.6923751095530236], "macro": [0.33567520497309133, 0.29315376073002825, 0.2907249710305328, 0.2989942994567447, 0.2677963027174872]}, "4 - distance - cosine": {"exec_time": [0.2731301784515381, 0.27377867698669434, 0.27243471145629883, 0.26818037033081055, 0.27271556854248047], "micro": [0.6763031099430574, 0.668856767411301, 0.671484888304862, 0.6787905346187555, 0.6875547765118317], "macro": [0.29347867933595745, 0.27839152909415543, 0.312995944318777, 0.29398713246403263, 0.27705925190981673]}, "4 - distance - euclidean": {"exec_time": [0.3083508014678955, 0.30973052978515625, 0.302288293838501, 0.30846643447875977, 0.30840277671813965], "micro": [0.6859395532194481, 0.6631625054752519, 0.6771791502409111, 0.6950043821209465, 0.6691498685363716], "macro": [0.2929221150947958, 0.25051242763693515, 0.2867982183922458, 0.30064958376951956, 0.2793509860853754]}, "5 - uniform - cosine": {"exec_time": [0.3025078773498535, 0.3011586666107178, 0.3010404109954834, 0.29949426651000977, 0.307204008102417], "micro": [0.7082785808147176, 0.7003942181340341, 0.7113447218572054, 0.7138475021910604, 0.6932515337423313], "macro": [0.31269945800143306, 0.2904620084432773, 0.30363697054560734, 0.3173488709876804, 0.28995772785514895]}, "5 - uniform - euclidean": {"exec_time": [0.3307816982269287, 0.3431880474090576, 0.32326245307922363, 0.3414041996002197, 0.344210147857666], "micro": [0.7113447218572054, 0.6964520367936925, 0.703898379325449, 0.7077125328659071, 0.712971078001753], "macro": [0.3090261031706798, 0.3238900730190851, 0.33556894548264465, 0.33260708835454716, 0.3342217464053795]}, "5 - distance - cosine": {"exec_time": [0.27815771102905273, 0.27425193786621094, 0.27414894104003906, 0.27585506439208984, 0.2715952396392822], "micro": [0.6732369689005694, 0.6508979413053001, 0.6841874726237407, 0.7011393514461, 0.6862401402278703], "macro": [0.27657582982806395, 0.3031484097834446, 0.2678567200754574, 0.27625413691626377, 0.2813261280407359]}, "5 - distance - euclidean": {"exec_time": [0.31165099143981934, 0.31082963943481445, 0.29700303077697754, 0.3110969066619873, 0.3115246295928955], "micro": [0.6881296539640823, 0.6732369689005694, 0.6837494524748139, 0.6730937773882559, 0.677475898334794], "macro": [0.25213213035666804, 0.26131295713840785, 0.31390100900658824, 0.27035991859386566, 0.2685210999737802]}, "6 - uniform - cosine": {"exec_time": [0.30411243438720703, 0.303164005279541, 0.3031294345855713, 0.3053305149078369, 0.3077831268310547], "micro": [0.7104686815593518, 0.7130968024529128, 0.703898379325449, 0.7120946538124451, 0.7068361086765995], "macro": [0.29302092131620017, 0.30615834553115306, 0.3010402123514944, 0.3007379034556021, 0.31865383364917577]}, "6 - uniform - euclidean": {"exec_time": [0.342648983001709, 0.332413911819458, 0.3411860466003418, 0.338895320892334, 0.3276510238647461], "micro": [0.7065265002190101, 0.7139728427507667, 0.7113447218572054, 0.7099035933391761, 0.7120946538124451], "macro": [0.36567723943418723, 0.3075331794129162, 0.29474958560024833, 0.3015485481486545, 0.33052393451819284]}, "6 - distance - cosine": {"exec_time": [0.27530407905578613, 0.2755751609802246, 0.27399539947509766, 0.27362918853759766, 0.2732725143432617], "micro": [0.6640385457731056, 0.695137976346912, 0.6929478756022777, 0.6709027169149868, 0.6717791411042945], "macro": [0.2912206868768174, 0.29642625688936736, 0.3055459488695038, 0.2539851007179388, 0.3163036466862222]}, "6 - distance - euclidean": {"exec_time": [0.307910680770874, 0.31046342849731445, 0.3154470920562744, 0.30967187881469727, 0.2996394634246826], "micro": [0.6872536136662286, 0.6859395532194481, 0.6815593517301796, 0.6783523225241017, 0.6840490797546013], "macro": [0.2697085861004495, 0.3001856721503933, 0.2919981880361435, 0.2926097623194147, 0.26753187538502643]}, "7 - uniform - cosine": {"exec_time": [0.30260300636291504, 0.30841493606567383, 0.30051231384277344, 0.3043212890625, 0.30521178245544434], "micro": [0.7192290845378886, 0.7122207621550593, 0.703898379325449, 0.7142857142857143, 0.7134092900964066], "macro": [0.3079921716031844, 0.30476072037202284, 0.32394583831741897, 0.30914097497663695, 0.30481043395068]}, "7 - uniform - euclidean": {"exec_time": [0.3411219120025635, 0.34383368492126465, 0.3397407531738281, 0.3248414993286133, 0.33632564544677734], "micro": [0.7201051248357424, 0.7117827420061322, 0.7130968024529128, 0.715162138475022, 0.731375985977213], "macro": [0.3186098839471784, 0.2983895790161255, 0.2905870200438048, 0.320478667721877, 0.3322559753202122]}, "7 - distance - cosine": {"exec_time": [0.27520060539245605, 0.2719399929046631, 0.2731318473815918, 0.2730846405029297, 0.2755858898162842], "micro": [0.6846254927726675, 0.6732369689005694, 0.6811213315812528, 0.6901840490797546, 0.6814198071866784], "macro": [0.28828242325676234, 0.26552549546419024, 0.288723073281523, 0.281331536097448, 0.30415369838777917]}, "7 - distance - euclidean": {"exec_time": [0.31267786026000977, 0.3115856647491455, 0.29871296882629395, 0.30469489097595215, 0.31258535385131836], "micro": [0.6815593517301796, 0.671484888304862, 0.6872536136662286, 0.684487291849255, 0.689307624890447], "macro": [0.2779828147093829, 0.2717101761168608, 0.2863159159978401, 0.2557965146703683, 0.2836431379577536]}, "8 - uniform - cosine": {"exec_time": [0.3005485534667969, 0.30659914016723633, 0.300412654876709, 0.30492615699768066, 0.3081643581390381], "micro": [0.7257993867717913, 0.7003942181340341, 0.7201051248357424, 0.7094653812445223, 0.715162138475022], "macro": [0.2772836285141647, 0.29185212926341175, 0.32075171622033005, 0.30385330767737784, 0.31789414141543837]}, "8 - uniform - euclidean": {"exec_time": [0.33133792877197266, 0.3357245922088623, 0.34322285652160645, 0.341280460357666, 0.33895206451416016], "micro": [0.7130968024529128, 0.7148488830486203, 0.7205431449846693, 0.7278702892199824, 0.7256792287467133],