{"3 - uniform - cosine": {"exec_time": [7.850803375244141, 6.04950475692749, 6.858407497406006, 6.558952808380127, 7.1153576374053955], "micro": [0.6285589137100307, 0.6294349540078844, 0.6395094174332019, 0.6301489921121823, 0.6336546888694128], "macro": [0.2702671788041736, 0.2947639723731335, 0.26168100976517833, 0.26691156275907424, 0.2678879691381365]}, "3 - uniform - euclidean": {"exec_time": [5.817215919494629, 5.703296184539795, 5.170316457748413, 5.684836387634277, 5.3256542682647705], "micro": [0.6211125711782742, 0.6368812965396409, 0.6368812965396409, 0.6323400525854513, 0.6327782646801051], "macro": [0.27444973938321104, 0.28489740864774515, 0.27164101121127165, 0.28299920803022177, 0.28847300955859634]}, "3 - distance - cosine": {"exec_time": [6.2400782108306885, 5.993433475494385, 5.604844570159912, 5.439884185791016, 5.863136291503906], "micro": [0.6136662286465178, 0.6281208935611038, 0.6408234778799825, 0.6139351446099912, 0.6108676599474145], "macro": [0.2533683542036853, 0.2647969381062387, 0.28490347375328734, 0.26047853311619507, 0.32768981517262563]}, "3 - distance - euclidean": {"exec_time": [5.685129880905151, 5.457105398178101, 4.891316652297974, 5.031511068344116, 5.560479402542114], "micro": [0.6233026719229084, 0.6197985107314936, 0.6127901883486641, 0.6275197195442594, 0.6165644171779141], "macro": [0.2789244640454479, 0.270951427569915, 0.2523278763766501, 0.2824338827219125, 0.28782127181019795]}, "4 - uniform - cosine": {"exec_time": [6.553312540054321, 6.214729309082031, 6.294305086135864, 6.25584864616394, 6.175806999206543], "micro": [0.6561541830924222, 0.6587823039859834, 0.6390713972842751, 0.6362839614373357, 0.647239263803681], "macro": [0.27397724317157107, 0.3004868743141984, 0.28460265457487066, 0.27619311899655596, 0.30296230639934413]}, "4 - uniform - euclidean": {"exec_time": [6.396421670913696, 5.1423046588897705, 5.189440965652466, 4.998465538024902, 5.674479007720947], "micro": [0.6517739816031537, 0.6403854577310556, 0.653964082347788, 0.6441717791411042, 0.6411042944785276], "macro": [0.2763841538230502, 0.2992876057460336, 0.27950355386819764, 0.25840314526869623, 0.2827293037490561]}, "4 - distance - cosine": {"exec_time": [5.768117427825928, 6.201169490814209, 5.965843200683594, 6.203463315963745, 6.589505195617676], "micro": [0.633377135348226, 0.6219886114761279, 0.6241787122207622, 0.6134969325153374, 0.621384750219106], "macro": [0.24152953788312406, 0.27183494490013205, 0.23553212001012613, 0.26903393018630845, 0.2808741584927424]}, "4 - distance - euclidean": {"exec_time": [6.122734785079956, 5.743300676345825, 5.663411617279053, 5.301249027252197, 5.50371241569519], "micro": [0.6189224704336399, 0.621550591327201, 0.6189224704336399, 0.6183172655565293, 0.6310254163014899], "macro": [0.26161497741184125, 0.2750812305536291, 0.2783759944556371, 0.2601649109971807, 0.27283846754550906]}, "5 - uniform - cosine": {"exec_time": [5.766482353210449, 6.097627401351929, 6.46497654914856, 6.213862180709839, 6.847402811050415], "micro": [0.6522120017520806, 0.6416995181778362, 0.6452036793692509, 0.6744084136722174, 0.6625766871165644], "macro": [0.29159938039641736, 0.24918171892761717, 0.28815057129571686, 0.3018679878952928, 0.30948356948453687]}, "5 - uniform - euclidean": {"exec_time": [5.247391223907471, 5.14036226272583, 4.968853712081909, 5.211776494979858, 5.595064878463745], "micro": [0.6600963644327639, 0.6504599211563732, 0.6565922032413491, 0.6551270815074496, 0.6520595968448729], "macro": [0.2825270897445431, 0.26550504977200273, 0.2809499079659521, 0.29650750340046333, 0.27239290073595007]}, "5 - distance - cosine": {"exec_time": [6.562321186065674, 6.2349653244018555, 5.996577262878418, 6.963069438934326, 6.456485748291016], "micro": [0.6285589137100307, 0.6049058256679807, 0.6395094174332019, 0.6248904469763366, 0.6292725679228747], "macro": [0.2702692498229237, 0.22740300142797928, 0.23396500399347767, 0.270967400163492, 0.2826250772124806]}, "5 - distance - euclidean": {"exec_time": [5.867650985717773, 5.624377727508545, 5.955214738845825, 5.4127490520477295, 6.058791875839233], "micro": [0.627682873412177, 0.6355672360928603, 0.6180464301357862, 0.6209465381244522, 0.6323400525854513], "macro": [0.24612143125192967, 0.2604993152082359, 0.25264215345819574, 0.26854740391188114, 0.2469452917312055]}, "6 - uniform - cosine": {"exec_time": [6.356509685516357, 6.402440786361694, 6.85677695274353, 5.662036180496216, 5.618057489395142], "micro": [0.6697328077091547, 0.6649145860709592, 0.6592203241349102, 0.6406660823838738, 0.6665205959684487], "macro": [0.3029274430010811, 0.29989317965975915, 0.29848699550579855, 0.27841362334502934, 0.2886497837342927]}, "6 - uniform - euclidean": {"exec_time": [4.961380481719971, 4.972935199737549, 4.954043388366699, 4.948550701141357, 5.000066757202148], "micro": [0.6600963644327639, 0.6491458607095927, 0.6565922032413491, 0.6617002629272568, 0.6586327782646801], "macro": [0.2937182607611088, 0.2780582165754578, 0.30859259141500817, 0.2842781268060674, 0.2779015750750482]}, "6 - distance - cosine": {"exec_time": [5.561712980270386, 5.562917709350586, 5.571997404098511, 5.582554817199707, 5.58717942237854], "micro": [0.6289969338589575, 0.6250547525186159, 0.6141042487954446, 0.6389132340052586, 0.6292725679228747], "macro": [0.2638367856944906, 0.2732394462567094, 0.2907640286246116, 0.2828081443950078, 0.2461742863170706]}, "6 - distance - euclidean": {"exec_time": [4.966370582580566, 5.6947126388549805, 6.111185789108276, 5.785279273986816, 5.257059097290039], "micro": [0.6316250547525186, 0.6294349540078844, 0.6294349540078844, 0.6257668711656442, 0.6253286590709903], "macro": [0.2604079848790514, 0.285244870360817, 0.2538449390953055, 0.27401186093665864, 0.26557967250962083]}, "7 - uniform - cosine": {"exec_time": [5.761542320251465, 5.74100923538208, 5.712367534637451, 5.6395604610443115, 5.622588396072388], "micro": [0.6903197547087166, 0.6653526062198861, 0.6443276390713972, 0.6551270815074496, 0.6581945661700263], "macro": [0.3616309237542191, 0.26299415421016065, 0.2581688394237438, 0.32305424109790254, 0.299849670688749]}, "7 - uniform - euclidean": {"exec_time": [5.086875677108765, 4.9311957359313965, 5.2388012409210205, 5.403146505355835, 5.112957000732422], "micro": [0.6618484450284713, 0.6579062636881297, 0.6622864651773982, 0.6722173531989483, 0.6709027169149868], "macro": [0.2627196560927902, 0.2863468985475363, 0.29119091051208335, 0.2724633989280215, 0.2837915664258298]}, "7 - distance - cosine": {"exec_time": [6.00974702835083, 8.321080684661865, 6.687608480453491, 6.121668815612793, 6.521572828292847], "micro": [0.6206745510293473, 0.6303109943057381, 0.6254927726675427, 0.6380368098159509, 0.6481156879929886], "macro": [0.27809076803126015, 0.2563111977892844, 0.26698725192970973, 0.2689289303854239, 0.2773407839065404]}, "7 - distance - euclidean": {"exec_time": [5.180457592010498, 5.166756629943848, 4.951097726821899, 5.266868829727173, 5.3881142139434814], "micro": [0.6338151554971528, 0.621550591327201, 0.624616732369689, 0.6340929009640666, 0.626205083260298], "macro": [0.27799856453593863, 0.24895460326609617, 0.21214755427813894, 0.2752226336359337, 0.25415906101940516]}, "8 - uniform - cosine": {"exec_time": [5.957248687744141, 6.090941667556763, 5.993218898773193, 6.0693583488464355, 6.6808977127075195], "micro": [0.6732369689005694, 0.6741130091984231, 0.6719229084537889, 0.6551270815074496, 0.6691498685363716], "macro": [0.30784924384442724, 0.32638781175099635, 0.28514975872753406, 0.3009679133867079, 0.2830500751419907]}, "8 - uniform - euclidean": {"exec_time": [5.433713912963867, 6.9174964427948, 5.42228627204895, 5.867190361022949, 5.1641364097595215], "micro": [0.6719229084537889, 0.6697328077091547, 0.6592203241349102, 0.6787905346187555, 0.663453111305872], "macro": [0.28115580038706456, 0.3078642342109912, 0.25958834648739904, 0.3168063535377338, 0.3028206176802349]},