{"3 - uniform - cosine": {"exec_time": [0.6450276374816895, 0.4994239807128906, 0.4953486919403076, 0.5283312797546387, 0.5138499736785889], "micro": [0.6561541830924222, 0.6561541830924222, 0.6530880420499343, 0.6621384750219106, 0.6446099912357581], "macro": [0.2625481122358888, 0.2709925425987797, 0.28121058554070877, 0.30061174742879065, 0.32148684980349024]}, "3 - uniform - euclidean": {"exec_time": [0.544353723526001, 0.4777052402496338, 0.4793975353240967, 0.5003018379211426, 0.4784061908721924], "micro": [0.5838808585194919, 0.6049058256679807, 0.6114761279018834, 0.6073619631901841, 0.5955302366345311], "macro": [0.28656616716709954, 0.24982197640289433, 0.29246644025466206, 0.24029255116830417, 0.29157086361115897]}, "3 - distance - cosine": {"exec_time": [0.4631469249725342, 0.45864152908325195, 0.4876978397369385, 0.45938587188720703, 0.46112942695617676], "micro": [0.6491458607095927, 0.6368812965396409, 0.6377573368374945, 0.6358457493426819, 0.6292725679228747], "macro": [0.2771103427072876, 0.25193137496447177, 0.3289099409316739, 0.290642339932372, 0.2523544223999126]}, "3 - distance - euclidean": {"exec_time": [0.4397869110107422, 0.4413280487060547, 0.4415571689605713, 0.4427664279937744, 0.44788050651550293], "micro": [0.6022777047744197, 0.601401664476566, 0.604029785370127, 0.6047326906222612, 0.5758106923751095], "macro": [0.269438407112294, 0.27041693255459714, 0.29763718441711123, 0.2492705370863259, 0.2813281188777705]}, "4 - uniform - cosine": {"exec_time": [0.5696413516998291, 0.5667598247528076, 0.5595638751983643, 0.5638773441314697, 0.5900590419769287], "micro": [0.6565922032413491, 0.6824353920280333, 0.6600963644327639, 0.6595092024539877, 0.6726555652936022], "macro": [0.27275566750384045, 0.3239824435244658, 0.3095139896549371, 0.2781061825274638, 0.3066269866983686]}, "4 - uniform - euclidean": {"exec_time": [0.5902090072631836, 0.5654301643371582, 0.45189809799194336, 0.5803403854370117, 0.5657689571380615], "micro": [0.5878230398598335, 0.5878230398598335, 0.5913272010512484, 0.5946538124452235, 0.5937773882559159], "macro": [0.2773510077867806, 0.2629344657042825, 0.2656154544288629, 0.26127646079942884, 0.26275309844775735]}, "4 - distance - cosine": {"exec_time": [0.5199849605560303, 0.5221199989318848, 0.5303823947906494, 0.53271484375, 0.5221805572509766], "micro": [0.6263688129653964, 0.6395094174332019, 0.6460797196671046, 0.6476774758983348, 0.6581945661700263], "macro": [0.24931523241092127, 0.29662591041181585, 0.28859976485559746, 0.29119571290060603, 0.3041590108683809]}, "4 - distance - euclidean": {"exec_time": [0.5574662685394287, 0.5359508991241455, 0.5569493770599365, 0.559009313583374, 0.5293796062469482], "micro": [0.5803766973280771, 0.6263688129653964, 0.5751204555409549, 0.5985977212971078, 0.6064855390008764], "macro": [0.22263741553616295, 0.28188683693933064, 0.2544087477514583, 0.24504504098846105, 0.24867389886643276]}, "5 - uniform - cosine": {"exec_time": [0.5547444820404053, 0.5601170063018799, 0.5569734573364258, 0.5598397254943848, 0.564629077911377], "micro": [0.6662286465177398, 0.6771791502409111, 0.6631625054752519, 0.6801051709027169, 0.6652059596844873], "macro": [0.2985424750376013, 0.31361450068286806, 0.28467550798866254, 0.3334192531954247, 0.28814443391588174]}, "5 - uniform - euclidean": {"exec_time": [0.5733144283294678, 0.563007116317749, 0.5646326541900635, 0.5877320766448975, 0.5916361808776855], "micro": [0.5957074025405169, 0.6110381077529566, 0.589575120455541, 0.5858895705521472, 0.5810692375109553], "macro": [0.23499248589973634, 0.2606824294177157, 0.2894271053478626, 0.2589130323504152, 0.23737771315483797]}, "5 - distance - cosine": {"exec_time": [0.5278918743133545, 0.5290381908416748, 0.5323867797851562, 0.5336928367614746, 0.5252456665039062], "micro": [0.6438896189224704, 0.6447656592203241, 0.6565922032413491, 0.6340929009640666, 0.6590709903593339], "macro": [0.3098667768040483, 0.27414528227983814, 0.28459927358234655, 0.2580032545361585, 0.33140203332639945]}, "5 - distance - euclidean": {"exec_time": [0.5521559715270996, 0.5377867221832275, 0.5400216579437256, 0.5394787788391113, 0.5367779731750488], "micro": [0.5873850197109067, 0.5851949189662724, 0.5987735435830048, 0.5766871165644172, 0.5929009640666082], "macro": [0.22879704252012464, 0.2149690345629808, 0.2727925717611957, 0.20616885191230394, 0.26373556237359314]}, "6 - uniform - cosine": {"exec_time": [0.5608241558074951, 0.5611293315887451, 0.5531716346740723, 0.5626122951507568, 0.554311990737915], "micro": [0.6837494524748139, 0.6885676741130092, 0.6758650897941305, 0.6809815950920245, 0.6660823838737949], "macro": [0.3066039097953452, 0.2717330002008164, 0.2936189157325309, 0.3328932197384426, 0.31343191620052363]}, "6 - uniform - euclidean": {"exec_time": [0.5794036388397217, 0.567054033279419, 0.5675039291381836, 0.4667181968688965, 0.5740311145782471], "micro": [0.5790626368812966, 0.5935173017958826, 0.5667980727113447, 0.5644171779141104, 0.6021034180543383], "macro": [0.23877301403779208, 0.2351045255356922, 0.23099036896074693, 0.25371314562730046, 0.29056371081688015]}, "6 - distance - cosine": {"exec_time": [0.5402562618255615, 0.5310444831848145, 0.5311987400054932, 0.5303068161010742, 0.5277066230773926], "micro": [0.6513359614542269, 0.6487078405606658, 0.6530880420499343, 0.6419807186678352, 0.6476774758983348], "macro": [0.2612595836193096, 0.2750937201227674, 0.28858995476690985, 0.2947639328215734, 0.3016020019846769]}, "6 - distance - euclidean": {"exec_time": [0.5621480941772461, 0.5367090702056885, 0.5482535362243652, 0.5533437728881836, 0.5354371070861816], "micro": [0.5878230398598335, 0.5729303547963206, 0.5816907577748577, 0.5832602979842244, 0.6029798422436459], "macro": [0.26348816332367075, 0.23446312147118306, 0.23242693125610683, 0.2387251720277288, 0.2587077732616059]}, "7 - uniform - cosine": {"exec_time": [0.5937776565551758, 0.5588231086730957, 0.5615365505218506, 0.5655808448791504, 0.5545885562896729], "micro": [0.6719229084537889, 0.6837494524748139, 0.6798072711344721, 0.6879929886064855, 0.6840490797546013], "macro": [0.3046445019487063, 0.3093864770061092, 0.29665517219042276, 0.31598748146099237, 0.27233866141153923]}, "7 - uniform - euclidean": {"exec_time": [0.6342132091522217, 0.5680434703826904, 0.5696737766265869, 0.5694146156311035, 0.5850081443786621], "micro": [0.586508979413053, 0.5948313622426632, 0.5908891809023215, 0.5828220858895705, 0.57011393514461], "macro": [0.24017903660635082, 0.2526111510494056, 0.28511903064196475, 0.24690723022889127, 0.22033138683452802]}, "7 - distance - cosine": {"exec_time": [0.5274789333343506, 0.5248227119445801, 0.5256896018981934, 0.5372769832611084, 0.5341346263885498], "micro": [0.6390713972842751, 0.6504599211563732, 0.6596583442838371, 0.6538124452234881, 0.6489921121822962], "macro": [0.24425726067432965, 0.2600856332560738, 0.27830093826375385, 0.2682251966254186, 0.27373788677084876]}, "7 - distance - euclidean": {"exec_time": [0.5629434585571289, 0.5379695892333984, 0.5451030731201172, 0.5500638484954834, 0.5406291484832764], "micro": [0.5987735435830048, 0.5751204555409549, 0.5632939115199299, 0.5482033304119194, 0.5788781770376863], "macro": [0.2564113904201314, 0.24489172028191705, 0.21719686906036267, 0.2060035575870071, 0.2548047817283012]}, "8 - uniform - cosine": {"exec_time": [0.5670928955078125, 0.5559842586517334, 0.5605638027191162, 0.5629687309265137, 0.5635221004486084], "micro": [0.6793692509855453, 0.6938239159001314, 0.6815593517301796, 0.6849255039439088, 0.6976336546888694], "macro": [0.3049646457563894, 0.27805534793529135, 0.3187861188825735, 0.31025068932674177, 0.28558832847657]}, "8 - uniform - euclidean": {"exec_time": [0.4514479637145996, 0.5666120052337646, 0.5765933990478516, 0.5696935653686523, 0.5703155994415283], "micro": [0.5930792816469558, 0.5650459921156373, 0.5711782742006132, 0.5705521472392638, 0.5648553900087643],