{"3 - uniform - cosine": {"exec_time": [6.1321327686309814, 5.926150560379028, 6.176334381103516, 6.246450662612915, 6.260131120681763], "f1": [[0.7451612903225806, 0.5, 0.12121212121212122, 0.20689655172413793, 0.06060606060606061, 0.7407407407407406, 0.5, 0.0, 0.7083333333333333, 0.5714285714285715, 0.13114754098360656, 0.2608695652173913, 0.0, 0.5714285714285714, 0.6511627906976745, 0.05970149253731343, 0.0, 0.8994181213632585, 0.0, 0.11764705882352941, 0.47619047619047616, 0.6857142857142857, 0.189873417721519, 0.0, 0.8, 0.3636363636363636, 0.8, 0.0, 0.0, 0.4227642276422764, 0.6363636363636364, 0.0, 0.6666666666666667, 0.0, 0.0, 0.0, 0.2222222222222222, 0.8, 0.16666666666666666, 0.4696356275303644, 0.5573770491803278, 0.09090909090909091, 0.0, 0.0, 0.14285714285714288, 1.0, 0.0, 0.33333333333333326, 0.28571428571428575, 0.0, 0.0, 0.0, 0.5599999999999999, 0.4, 0.0, 0.888888888888889, 0.0, 0.4067796610169491, 0.0, 0.0, 0.0, 0.0, 0.8, 0.8, 0.0, 0.0, 0.0, 0.9090909090909091, 0.47863247863247865, 0.8091168091168092, 0.1290322580645161, 0.0, 0.5, 0.0, 0.5], [0.7435064935064936, 0.6666666666666667, 0.09523809523809525, 0.196078431372549, 0.16666666666666669, 0.0, 0.6, 0.0, 0.0, 0.6857142857142857, 0.4, 0.16, 0.19999999999999998, 0.0, 0.42424242424242425, 0.0, 0.5775401069518717, 0.0, 0.06451612903225808, 0.0, 0.9094017094017094, 0.0, 0.2, 0.34146341463414637, 0.6956521739130435, 0.12571428571428572, 0.0, 0.0, 0.4, 0.6666666666666665, 0.0, 1.0, 0.35772357723577236, 0.7777777777777777, 0.6363636363636365, 0.588235294117647, 0.0, 0.0, 0.5714285714285715, 0.16666666666666666, 0.4, 0.16666666666666666, 0.35071090047393366, 0.7450980392156863, 0.0, 0.09090909090909091, 0.0, 0.0, 0.0, 0.10714285714285715, 0.6666666666666666, 0.0, 0.0, 0.0, 0.0, 0.0, 0.0, 0.0, 0.0, 0.3529411764705882, 0.6666666666666665, 0.0, 0.5, 0.4067796610169492, 0.0, 0.0, 0.0, 0.0, 0.0, 0.0, 0.7777777777777778, 0.0, 0.0, 0.0, 0.0, 1.0, 0.523489932885906, 0.8128491620111732, 0.1111111111111111, 0.03773584905660377, 0.6666666666666666, 0.0, 0.25], [0.7891566265060241, 0.631578947368421, 0.1142857142857143, 0.27999999999999997, 0.3870967741935483, 0.0, 0.7142857142857143, 0.0, 0.0, 0.6341463414634146, 0.5555555555555556, 0.0, 0.22047244094488186, 0.3157894736842105, 0.5, 0.0, 0.5977011494252874, 0.15384615384615383, 0.0, 0.9246401354784081, 0.0, 0.0, 0.4324324324324324, 0.5581395348837209, 0.1830065359477124, 0.0, 0.4, 0.0, 0.6666666666666666, 0.0, 0.6666666666666666, 0.4897959183673469, 0.5263157894736842, 0.5, 0.7142857142857143, 0.0, 0.0, 0.0, 0.0, 0.16666666666666669, 1.0, 0.14285714285714285, 0.45267489711934156, 0.8387096774193549, 0.0, 0.27272727272727276, 0.0, 0.0, 0.0, 0.13636363636363635, 0.0, 0.16666666666666669, 0.3333333333333333, 0.0, 0.0, 0.0, 0.37499999999999994, 0.5714285714285715, 0.0, 0.9090909090909091, 0.55, 0.0, 0.0, 0.0, 0.0, 0.0, 0.5, 0.8, 0.0, 0.0, 0.7142857142857143, 0.5666666666666668, 0.8402877697841727, 0.21428571428571425, 0.0, 0.5714285714285715, 0.0, 0.0], [0.7642752562225477, 0.8, 0.10256410256410256, 0.21621621621621623, 0.16666666666666666, 0.6666666666666666, 0.0, 0.0, 0.689655172413793, 0.6153846153846154, 0.0, 0.12903225806451613, 0.09523809523809525, 0.5416666666666666, 0.0, 0.5575757575757576, 0.0, 0.049999999999999996, 0.0, 0.9004329004329005, 0.0, 0.30769230769230765, 0.4528301886792453, 0.6521739130434783, 0.15384615384615383, 0.0, 0.0, 0.0, 0.28571428571428575, 0.6666666666666666, 0.0, 0.47887323943661975, 0.6666666666666665, 0.5714285714285714, 0.0, 0.8235294117647058, 0.0, 0.0, 0.5, 0.1739130434782609, 0.25, 0.3925233644859813, 0.7096774193548386, 0.1, 0.0, 0.0, 0.32558139534883723, 0.6666666666666666, 0.0, 0.0, 0.0, 0.0, 0.0, 0.43478260869565216, 0.5714285714285715, 0.0, 0.6666666666666666, 0.5245901639344261, 0.0, 0.0, 0.0, 0.0, 0.0, 0.5, 0.8163265306122449, 0.0, 0.0, 0.6666666666666666, 0.6037735849056605, 0.8022284122562675, 0.16, 0.029850746268656716, 0.0, 0.0, 0.0], [0.7420814479638009, 0.8333333333333334, 0.14285714285714285, 0.20833333333333334, 0.16216216216216214, 0.8, 0.0, 0.0, 0.6666666666666666, 0.5, 0.0, 0.15942028985507248, 0.11111111111111112, 0.0, 0.4705882352941176, 0.0, 0.5474860335195532, 0.0, 0.1694915254237288, 0.0, 0.9090909090909091, 0.5, 0.14285714285714288, 0.4255319148936171, 0.6111111111111113, 0.2222222222222222, 0.0, 0.0, 0.6666666666666666, 0.6666666666666666, 0.8571428571428571, 0.6666666666666666, 0.0, 0.38016528925619836, 0.4444444444444445, 0.375, 0.5, 0.5555555555555556, 0.0, 0.0, 0.6666666666666666, 0.16666666666666669, 0.0, 0.0, 0.42990654205607476, 0.76, 0.2608695652173913, 0.0, 0.0, 0.0, 0.0, 0.7499999999999999, 0.0, 0.11764705882352941, 0.2857142857142857, 0.0, 0.0, 0.0, 0.0, 0.0, 0.5555555555555556, 0.6666666666666666, 0.0, 0.6666666666666666, 0.4857142857142857, 0.0, 0.0, 0.0, 0.0, 0.0, 0.0, 0.7272727272727272, 0.0, 0.0, 0.0, 1.0, 0.5263157894736842, 0.7925608011444922, 0.07142857142857144, 0.0, 0.5714285714285715, 0.0, 0.0]], "f1_micro": [0.6342531756460797, 0.6154183092422252, 0.6600963644327639, 0.6380368098159509, 0.6279579316389132], "f1_macro": [0.30849625743437464, 0.25362018431385036, 0.28305560892160275, 0.26999295493094194, 0.2763582307059026]}}